BEGIN TRANSACTION;
CREATE TABLE "schema_migrations" ("version" varchar NOT NULL);
INSERT INTO "schema_migrations" VALUES('20151006213857');
INSERT INTO "schema_migrations" VALUES('20151007143333');
INSERT INTO "schema_migrations" VALUES('20151007144107');
INSERT INTO "schema_migrations" VALUES('20151007162428');
INSERT INTO "schema_migrations" VALUES('20151007164601');
INSERT INTO "schema_migrations" VALUES('20151007170848');
INSERT INTO "schema_migrations" VALUES('20151007171110');
INSERT INTO "schema_migrations" VALUES('20151007174043');
INSERT INTO "schema_migrations" VALUES('20151007174501');
INSERT INTO "schema_migrations" VALUES('20151020160741');
INSERT INTO "schema_migrations" VALUES('20151030020125');
INSERT INTO "schema_migrations" VALUES('20151030020418');
INSERT INTO "schema_migrations" VALUES('20151201042123');
INSERT INTO "schema_migrations" VALUES('20151201042238');
INSERT INTO "schema_migrations" VALUES('20151201044615');
INSERT INTO "schema_migrations" VALUES('20151202153247');
INSERT INTO "schema_migrations" VALUES('20151202153400');
INSERT INTO "schema_migrations" VALUES('20151202161836');
INSERT INTO "schema_migrations" VALUES('20151202163750');
INSERT INTO "schema_migrations" VALUES('20151202173012');
CREATE TABLE "regions" ("id" SERIAL PRIMARY KEY NOT NULL, "name" varchar, "description" text, "slug" varchar, "created_at" timestamp NOT NULL, "updated_at" timestamp NOT NULL, "region_group_id" integer);
INSERT INTO "regions" VALUES(1,'Eastern Asia','Desc','','2015-10-07 15:19:57.109523','2015-12-01 14:11:18.113883',2);
INSERT INTO "regions" VALUES(2,'Southern Asia','','','2015-10-07 15:20:09.844368','2015-10-07 15:20:09.844368',2);
INSERT INTO "regions" VALUES(3,'LDC','This is a note of the source.','','2015-10-07 18:53:30.876185','2015-10-07 18:53:30.876185',2);
INSERT INTO "regions" VALUES(4,'Jungle','A description of what a jungle is.','','2015-12-01 05:12:54.132656','2015-12-01 05:12:54.132656',4);
CREATE TABLE "region_countries" ("id" SERIAL PRIMARY KEY NOT NULL, "region_id" integer, "country_id" integer, "created_at" timestamp NOT NULL, "updated_at" timestamp NOT NULL);
INSERT INTO "region_countries" VALUES(3,1,1,'2015-10-07 15:35:13.884509','2015-10-07 15:35:13.884509');
INSERT INTO "region_countries" VALUES(4,2,2,'2015-10-07 15:36:08.665780','2015-10-07 15:36:08.665780');
INSERT INTO "region_countries" VALUES(5,3,1,'2015-10-07 18:54:00.582945','2015-10-07 18:54:00.582945');
INSERT INTO "region_countries" VALUES(6,3,2,'2015-10-07 18:54:15.071767','2015-10-07 18:54:15.071767');
INSERT INTO "region_countries" VALUES(7,3,4,'2015-10-31 00:51:09.932244','2015-10-31 00:51:09.932244');
INSERT INTO "region_countries" VALUES(9,1,115,'2015-10-31 18:52:18.218323','2015-10-31 18:52:18.218323');
INSERT INTO "region_countries" VALUES(10,1,0,'2015-10-31 19:08:35.291641','2015-10-31 19:08:35.291641');
INSERT INTO "region_countries" VALUES(11,4,17,'2015-12-01 05:12:54.135760','2015-12-01 05:12:54.135760');
INSERT INTO "region_countries" VALUES(12,4,23,'2015-12-01 05:12:54.137248','2015-12-01 05:12:54.137248');
CREATE TABLE "conventions" ("id" SERIAL PRIMARY KEY NOT NULL, "name" varchar, "description" text, "created_at" timestamp NOT NULL, "updated_at" timestamp NOT NULL);
INSERT INTO "conventions" VALUES(1,'Basel','Basel Description','2015-10-07 16:51:28.176198','2015-12-01 14:24:39.406378');
CREATE TABLE "reporting_cycles" ("id" SERIAL PRIMARY KEY NOT NULL, "convention_id" integer, "date" date, "name" varchar, "description" text, "created_at" timestamp NOT NULL, "updated_at" timestamp NOT NULL);
INSERT INTO "reporting_cycles" VALUES(1,1,'2015-10-07','2015','Desc.','2015-10-07 16:52:03.621352','2015-12-01 14:42:46.104317');
INSERT INTO "reporting_cycles" VALUES(2,1,'2014-12-02','Testing Adding in Indicator from Report Cycle','Testing Adding in Indicator from Report Cycle','2015-12-02 16:54:54.776202','2015-12-02 16:54:54.776202');
INSERT INTO "reporting_cycles" VALUES(3,1,'2015-12-02','Testing Nested Indicators and Scoring Options','Testing Nested Indicators and Scoring Options','2015-12-02 17:52:15.785140','2015-12-02 17:52:15.785140');
CREATE TABLE "clusters" ("id" SERIAL PRIMARY KEY NOT NULL, "name" varchar, "description" text, "created_at" timestamp NOT NULL, "updated_at" timestamp NOT NULL);
INSERT INTO "clusters" VALUES(1,'UN Funded','Example Cluster','2015-10-07 17:19:44.561579','2015-10-07 17:19:44.561579');
CREATE TABLE "cluster_members" ("id" SERIAL PRIMARY KEY NOT NULL, "cluster_id" integer, "convention_id" integer, "created_at" timestamp NOT NULL, "updated_at" timestamp NOT NULL);
INSERT INTO "cluster_members" VALUES(1,1,1,'2015-10-07 17:20:05.261358','2015-10-07 17:20:05.261358');
CREATE TABLE "membership_types" ("id" SERIAL PRIMARY KEY NOT NULL, "name" varchar, "description" text, "created_at" timestamp NOT NULL, "updated_at" timestamp NOT NULL);
INSERT INTO "membership_types" VALUES(1,'Signed','','2015-10-07 17:48:44.465815','2015-10-07 17:48:44.465815');
INSERT INTO "membership_types" VALUES(2,'Ratified','','2015-10-07 17:49:14.314432','2015-10-07 17:49:14.314432');
INSERT INTO "membership_types" VALUES(3,'Withdrawn','','2015-10-07 17:49:36.052225','2015-10-07 17:49:36.052225');
CREATE TABLE "convention_memberships" ("id" SERIAL PRIMARY KEY NOT NULL, "convention_id" integer, "country_id" integer, "membership_type_id" varchar, "date" date, "created_at" timestamp NOT NULL, "updated_at" timestamp NOT NULL);
INSERT INTO "convention_memberships" VALUES(1,1,1,'2','2015-10-07','2015-10-07 18:16:05.651874','2015-10-07 18:16:05.651874');
CREATE TABLE "countries" ("id" SERIAL PRIMARY KEY NOT NULL, "name" varchar, "population" integer(8), "area" integer(8), "un_member" boolean, "created_at" timestamp NOT NULL, "updated_at" timestamp NOT NULL, "population_growth" decimal, "gdp" integer(8), "gdp_per_capita" integer(8), "iso_code_2" text, "iso_code_3" text, "country_numeric" integer, "threatened_species" integer, "forested_area" decimal, "co2_emission" integer(8), "co2_per_capita" decimal, "agriculture_production" integer);
INSERT INTO "countries" VALUES(0,'Afghanistan',32526562,9596960,X'74',X'30363A35342E37',X'30363A35342E37','',0,0,'AF','AFG',4,0,'',0,'',0);
INSERT INTO "countries" VALUES(1,'Albania',2896679,3287590,X'74',X'30373A33352E38',X'30373A33352E38','',0,0,'AL','ALB',8,0,'',0,'',0);
INSERT INTO "countries" VALUES(2,'Algeria',39666519,0,'',X'30373A33352E38',X'30373A33352E38','',0,0,'DZ','DZA',12,0,'',0,'',0);
INSERT INTO "countries" VALUES(3,'Andorra',70473,0,'',X'30373A33352E38',X'30373A33352E38','',0,0,'AD','AND',20,0,'',0,'',0);
INSERT INTO "countries" VALUES(4,'Angola',25021974,0,'',X'30373A33352E38',X'30373A33352E38','',0,0,'AO','AGO',24,0,'',0,'',0);
INSERT INTO "countries" VALUES(5,'Antigua and Barbuda',91818,0,'',X'30373A33352E38',X'30373A33352E38','',0,0,'AG','ATG',28,0,'',0,'',0);
INSERT INTO "countries" VALUES(6,'Argentina',43416755,0,'',X'30373A33352E38',X'30373A33352E38','',0,0,'AR','ARG',32,0,'',0,'',0);
INSERT INTO "countries" VALUES(7,'Armenia',3017712,0,'',X'30373A33352E38',X'30373A33352E38','',0,0,'AM','ARM',51,0,'',0,'',0);
INSERT INTO "countries" VALUES(8,'Australia',23968973,0,'',X'30373A33352E38',X'30373A33352E38','',0,0,'AU','AUS',36,0,'',0,'',0);
INSERT INTO "countries" VALUES(9,'Austria',8544586,0,'',X'30373A33352E38',X'30373A33352E38','',0,0,'AT','AUT',40,0,'',0,'',0);
INSERT INTO "countries" VALUES(10,'Azerbaijan',9753968,0,'',X'30373A33352E38',X'30373A33352E38','',0,0,'AZ','AZE',31,0,'',0,'',0);
INSERT INTO "countries" VALUES(11,'Bahamas',388019,0,'',X'30373A33352E38',X'30373A33352E38','',0,0,'BS','BHS',44,0,'',0,'',0);
INSERT INTO "countries" VALUES(12,'Bahrain',1377237,0,'',X'30373A33352E38',X'30373A33352E38','',0,0,'BH','BHR',48,0,'',0,'',0);
INSERT INTO "countries" VALUES(13,'Bangladesh',160995642,0,'',X'30373A33352E38',X'30373A33352E38','',0,0,'BD','BGD',50,0,'',0,'',0);
INSERT INTO "countries" VALUES(14,'Barbados',284215,0,'',X'30373A33352E38',X'30373A33352E38','',0,0,'BB','BRB',52,0,'',0,'',0);
INSERT INTO "countries" VALUES(15,'Belarus',9495826,0,'',X'30373A33352E38',X'30373A33352E38','',0,0,'BY','BLR',112,0,'',0,'',0);
INSERT INTO "countries" VALUES(16,'Belgium',11299192,0,'',X'30373A33352E38',X'30373A33352E38','',0,0,'BE','BEL',56,0,'',0,'',0);
INSERT INTO "countries" VALUES(17,'Belize',359287,0,'',X'30373A33352E38',X'30373A33352E38','',0,0,'BZ','BLZ',84,0,'',0,'',0);
INSERT INTO "countries" VALUES(18,'Benin',10879829,0,'',X'30373A33352E38',X'30373A33352E38','',0,0,'BJ','BEN',204,0,'',0,'',0);
INSERT INTO "countries" VALUES(19,'Bhutan',774830,0,'',X'30373A33352E38',X'30373A33352E38','',0,0,'BT','BTN',64,0,'',0,'',0);
INSERT INTO "countries" VALUES(20,'Bolivia (Plurinational State of)',10724705,0,'',X'30373A33352E38',X'30373A33352E38','',0,0,'BO','BOL',68,0,'',0,'',0);
INSERT INTO "countries" VALUES(21,'Bosnia and Herzegovina',3810416,0,'',X'30373A33352E38',X'30373A33352E38','',0,0,'BA','BIH',70,0,'',0,'',0);
INSERT INTO "countries" VALUES(22,'Botswana',2262485,0,'',X'30373A33352E38',X'30373A33352E38','',0,0,'BW','BWA',72,0,'',0,'',0);
INSERT INTO "countries" VALUES(23,'Brazil',207847528,0,'',X'30373A33352E38',X'30373A33352E38','',0,0,'BR','BRA',76,0,'',0,'',0);
INSERT INTO "countries" VALUES(24,'Brunei Darussalam',423188,0,'',X'30373A33352E38',X'30373A33352E38','',0,0,'BN','BRN',96,0,'',0,'',0);
INSERT INTO "countries" VALUES(25,'Bulgaria',7149787,0,'',X'30373A33352E38',X'30373A33352E38','',0,0,'BG','BGR',100,0,'',0,'',0);
INSERT INTO "countries" VALUES(26,'Burkina Faso',18105570,0,'',X'30373A33352E38',X'30373A33352E38','',0,0,'BF','BFA',854,0,'',0,'',0);
INSERT INTO "countries" VALUES(27,'Burundi',11178921,0,'',X'30373A33352E38',X'30373A33352E38','',0,0,'BI','BDI',108,0,'',0,'',0);
INSERT INTO "countries" VALUES(28,'Cabo Verde',520502,0,'',X'30373A33352E38',X'30373A33352E38','',0,0,'CV','CPV',132,0,'',0,'',0);
INSERT INTO "countries" VALUES(29,'Cambodia',15577899,0,'',X'30373A33352E38',X'30373A33352E38','',0,0,'KH','KHM',116,0,'',0,'',0);
INSERT INTO "countries" VALUES(30,'Cameroon',23344179,0,'',X'30373A33352E38',X'30373A33352E38','',0,0,'CM','CMR',120,0,'',0,'',0);
INSERT INTO "countries" VALUES(31,'Canada',35939927,0,'',X'30373A33352E38',X'30373A33352E38','',0,0,'CA','CAN',124,0,'',0,'',0);
INSERT INTO "countries" VALUES(32,'Central African Republic',4900274,0,'',X'30373A33352E38',X'30373A33352E38','',0,0,'CF','CAF',140,0,'',0,'',0);
INSERT INTO "countries" VALUES(33,'Chad',14037472,0,'',X'30373A33352E38',X'30373A33352E38','',0,0,'TD','TCD',148,0,'',0,'',0);
INSERT INTO "countries" VALUES(34,'Chile',17948141,0,'',X'30373A33352E38',X'30373A33352E38','',0,0,'CL','CHL',152,0,'',0,'',0);
INSERT INTO "countries" VALUES(35,'China',1376048943,0,'',X'30373A33352E38',X'30373A33352E38','',0,0,'CN','CHN',156,0,'',0,'',0);
INSERT INTO "countries" VALUES(36,'Colombia',48228704,0,'',X'30373A33352E38',X'30373A33352E38','',0,0,'CO','COL',170,0,'',0,'',0);
INSERT INTO "countries" VALUES(37,'Comoros',788474,0,'',X'30373A33352E38',X'30373A33352E38','',0,0,'KM','COM',174,0,'',0,'',0);
INSERT INTO "countries" VALUES(38,'Congo',4620330,0,'',X'30373A33352E38',X'30373A33352E38','',0,0,'CG','COG',178,0,'',0,'',0);
INSERT INTO "countries" VALUES(39,'Cook Islands',20833,0,'',X'30373A33352E38',X'30373A33352E38','',0,0,'CK','COK',184,0,'',0,'',0);
INSERT INTO "countries" VALUES(40,'Costa Rica',4807850,0,'',X'30373A33352E38',X'30373A33352E38','',0,0,'CR','CRI',188,0,'',0,'',0);
INSERT INTO "countries" VALUES(41,'Cote D''Ivoire',22701556,0,'',X'30373A33352E38',X'30373A33352E38','',0,0,'CI','CIV',384,0,'',0,'',0);
INSERT INTO "countries" VALUES(42,'Croatia',4240317,0,'',X'30373A33352E38',X'30373A33352E38','',0,0,'HR','HRV',191,0,'',0,'',0);
INSERT INTO "countries" VALUES(43,'Cuba',11389562,0,'',X'30373A33352E38',X'30373A33352E38','',0,0,'CU','CUB',192,0,'',0,'',0);
INSERT INTO "countries" VALUES(44,'Cyprus',1165300,0,'',X'30373A33352E38',X'30373A33352E38','',0,0,'CY','CYP',196,0,'',0,'',0);
INSERT INTO "countries" VALUES(45,'Czech Republic',10543186,0,'',X'30373A33352E38',X'30373A33352E38','',0,0,'CZ','CZE',203,0,'',0,'',0);
INSERT INTO "countries" VALUES(46,'Democratic People''s Republic of Korea',0,0,'',X'30373A33352E38',X'30373A33352E38','',0,0,'KP','PRK',408,0,'',0,'',0);
INSERT INTO "countries" VALUES(47,'Democratic Republic of the Congo',0,0,'',X'30373A33352E38',X'30373A33352E38','',0,0,'CD','COD',180,0,'',0,'',0);
INSERT INTO "countries" VALUES(48,'Denmark',5669081,0,'',X'30373A33352E38',X'30373A33352E38','',0,0,'DK','DNK',208,0,'',0,'',0);
INSERT INTO "countries" VALUES(49,'Djibouti',887861,0,'',X'30373A33352E38',X'30373A33352E38','',0,0,'DJ','DJI',262,0,'',0,'',0);
INSERT INTO "countries" VALUES(50,'Dominica',72680,0,'',X'30373A33352E38',X'30373A33352E38','',0,0,'DM','DMA',212,0,'',0,'',0);
INSERT INTO "countries" VALUES(51,'Dominican Republic',10528391,0,'',X'30373A33352E38',X'30373A33352E38','',0,0,'DO','DOM',214,0,'',0,'',0);
INSERT INTO "countries" VALUES(52,'Ecuador',16144363,0,'',X'30373A33352E38',X'30373A33352E38','',0,0,'EC','ECU',218,0,'',0,'',0);
INSERT INTO "countries" VALUES(53,'Egypt',91508084,0,'',X'30373A33352E38',X'30373A33352E38','',0,0,'EG','EGY',818,0,'',0,'',0);
INSERT INTO "countries" VALUES(54,'El Salvador',6126583,0,'',X'30373A33352E38',X'30373A33352E38','',0,0,'SV','SLV',222,0,'',0,'',0);
INSERT INTO "countries" VALUES(55,'Equatorial Guinea',845060,0,'',X'30373A33352E38',X'30373A33352E38','',0,0,'GQ','GNQ',226,0,'',0,'',0);
INSERT INTO "countries" VALUES(56,'Eritrea',5227791,0,'',X'30373A33352E38',X'30373A33352E38','',0,0,'ER','ERI',232,0,'',0,'',0);
INSERT INTO "countries" VALUES(57,'Estonia',1312558,0,'',X'30373A33352E38',X'30373A33352E38','',0,0,'EE','EST',233,0,'',0,'',0);
INSERT INTO "countries" VALUES(58,'Ethiopia',99390750,0,'',X'30373A33352E38',X'30373A33352E38','',0,0,'ET','ETH',231,0,'',0,'',0);
INSERT INTO "countries" VALUES(59,'European Union',0,0,'',X'30373A33352E38',X'30373A33352E38','',0,0,'','',0,0,'',0,'',0);
INSERT INTO "countries" VALUES(60,'Fiji',892145,0,'',X'30373A33352E38',X'30373A33352E38','',0,0,'FJ','FJI',242,0,'',0,'',0);
INSERT INTO "countries" VALUES(61,'Finland',5503457,0,'',X'30373A33352E38',X'30373A33352E38','',0,0,'FI','FIN',246,0,'',0,'',0);
INSERT INTO "countries" VALUES(62,'France',64395345,0,'',X'30373A33352E38',X'30373A33352E38','',0,0,'FR','FRA',250,0,'',0,'',0);
INSERT INTO "countries" VALUES(63,'Gabon',1725292,0,'',X'30373A33352E38',X'30373A33352E38','',0,0,'GA','GAB',266,0,'',0,'',0);
INSERT INTO "countries" VALUES(64,'Gambia',1990924,0,'',X'30373A33352E38',X'30373A33352E38','',0,0,'GM','GMB',270,0,'',0,'',0);
INSERT INTO "countries" VALUES(65,'Georgia',3999812,0,'',X'30373A33352E38',X'30373A33352E38','',0,0,'GE','GEO',268,0,'',0,'',0);
INSERT INTO "countries" VALUES(66,'Germany',80688545,0,'',X'30373A33352E38',X'30373A33352E38','',0,0,'DE','DEU',276,0,'',0,'',0);
INSERT INTO "countries" VALUES(67,'Ghana',27409893,0,'',X'30373A33352E38',X'30373A33352E38','',0,0,'GH','GHA',288,0,'',0,'',0);
INSERT INTO "countries" VALUES(68,'Greece',10954617,0,'',X'30373A33352E38',X'30373A33352E38','',0,0,'GR','GRC',300,0,'',0,'',0);
INSERT INTO "countries" VALUES(69,'Grenada',106825,0,'',X'30373A33352E38',X'30373A33352E38','',0,0,'GD','GRD',308,0,'',0,'',0);
INSERT INTO "countries" VALUES(70,'Guatemala',16342897,0,'',X'30373A33352E38',X'30373A33352E38','',0,0,'GT','GTM',320,0,'',0,'',0);
INSERT INTO "countries" VALUES(71,'Guinea',12608590,0,'',X'30373A33352E38',X'30373A33352E38','',0,0,'GN','GIN',324,0,'',0,'',0);
INSERT INTO "countries" VALUES(72,'Guinea Bissau',0,0,'',X'30373A33352E38',X'30373A33352E38','',0,0,'GW','GNB',624,0,'',0,'',0);
INSERT INTO "countries" VALUES(73,'Guyana',767085,0,'',X'30373A33352E38',X'30373A33352E38','',0,0,'GY','GUY',328,0,'',0,'',0);
INSERT INTO "countries" VALUES(74,'Haiti',10711067,0,'',X'30373A33352E38',X'30373A33352E38','',0,0,'HT','HTI',332,0,'',0,'',0);
INSERT INTO "countries" VALUES(75,'Honduras',8075060,0,'',X'30373A33352E38',X'30373A33352E38','',0,0,'HN','HND',340,0,'',0,'',0);
INSERT INTO "countries" VALUES(76,'Hungary',9855023,0,'',X'30373A33352E38',X'30373A33352E38','',0,0,'HU','HUN',348,0,'',0,'',0);
INSERT INTO "countries" VALUES(77,'Iceland',329425,0,'',X'30373A33352E38',X'30373A33352E38','',0,0,'IS','ISL',352,0,'',0,'',0);
INSERT INTO "countries" VALUES(78,'India',1311050527,0,'',X'30373A33352E38',X'30373A33352E38','',0,0,'IN','IND',356,0,'',0,'',0);
INSERT INTO "countries" VALUES(79,'Indonesia',257563815,0,'',X'30373A33352E38',X'30373A33352E38','',0,0,'ID','IDN',360,0,'',0,'',0);
INSERT INTO "countries" VALUES(80,'Iran (Islamic Republic of)',79109272,0,'',X'30373A33352E38',X'30373A33352E38','',0,0,'IR','IRN',364,0,'',0,'',0);
INSERT INTO "countries" VALUES(81,'Iraq',36423395,0,'',X'30373A33352E38',X'30373A33352E38','',0,0,'IQ','IRQ',368,0,'',0,'',0);
INSERT INTO "countries" VALUES(82,'Ireland',4688465,0,'',X'30373A33352E38',X'30373A33352E38','',0,0,'IE','IRL',372,0,'',0,'',0);
INSERT INTO "countries" VALUES(83,'Israel',8064036,0,'',X'30373A33352E38',X'30373A33352E38','',0,0,'IL','ISR',376,0,'',0,'',0);
INSERT INTO "countries" VALUES(84,'Italy',59797685,0,'',X'30373A33352E38',X'30373A33352E38','',0,0,'IT','ITA',380,0,'',0,'',0);
INSERT INTO "countries" VALUES(85,'Jamaica',2793335,0,'',X'30373A33352E38',X'30373A33352E38','',0,0,'JM','JAM',388,0,'',0,'',0);
INSERT INTO "countries" VALUES(86,'Japan',126573481,0,'',X'30373A33352E38',X'30373A33352E38','',0,0,'JP','JPN',392,0,'',0,'',0);
INSERT INTO "countries" VALUES(87,'Jordan',7594547,0,'',X'30373A33352E38',X'30373A33352E38','',0,0,'JO','JOR',400,0,'',0,'',0);
INSERT INTO "countries" VALUES(88,'Kazakhstan',17625226,0,'',X'30373A33352E38',X'30373A33352E38','',0,0,'KZ','KAZ',398,0,'',0,'',0);
INSERT INTO "countries" VALUES(89,'Kenya',46050302,0,'',X'30373A33352E38',X'30373A33352E38','',0,0,'KE','KEN',404,0,'',0,'',0);
INSERT INTO "countries" VALUES(90,'Kiribati',112423,0,'',X'30373A33352E38',X'30373A33352E38','',0,0,'KI','KIR',296,0,'',0,'',0);
INSERT INTO "countries" VALUES(91,'Kuwait',3892115,0,'',X'30373A33352E38',X'30373A33352E38','',0,0,'KW','KWT',414,0,'',0,'',0);
INSERT INTO "countries" VALUES(92,'Kyrgyzstan',5939962,0,'',X'30373A33352E38',X'30373A33352E38','',0,0,'KG','KGZ',417,0,'',0,'',0);
INSERT INTO "countries" VALUES(93,'Lao People''s Democratic Republic',0,0,'',X'30373A33352E38',X'30373A33352E38','',0,0,'LA','LAO',418,0,'',0,'',0);
INSERT INTO "countries" VALUES(94,'Latvia',1970503,0,'',X'30373A33352E38',X'30373A33352E38','',0,0,'LV','LVA',428,0,'',0,'',0);
INSERT INTO "countries" VALUES(95,'Lebanon',5850743,0,'',X'30373A33352E38',X'30373A33352E38','',0,0,'LB','LBN',422,0,'',0,'',0);
INSERT INTO "countries" VALUES(96,'Lesotho',2135022,0,'',X'30373A33352E38',X'30373A33352E38','',0,0,'LS','LSO',426,0,'',0,'',0);
INSERT INTO "countries" VALUES(97,'Liberia',4503438,0,'',X'30373A33352E38',X'30373A33352E38','',0,0,'LR','LBR',430,0,'',0,'',0);
INSERT INTO "countries" VALUES(98,'Libya',6278438,0,'',X'30373A33352E38',X'30373A33352E38','',0,0,'LY','LBY',434,0,'',0,'',0);
INSERT INTO "countries" VALUES(99,'Liechtenstein',37531,0,'',X'30373A33352E38',X'30373A33352E38','',0,0,'LI','LIE',438,0,'',0,'',0);
INSERT INTO "countries" VALUES(100,'Lithuania',2878405,0,'',X'30373A33352E38',X'30373A33352E38','',0,0,'LT','LTU',440,0,'',0,'',0);
INSERT INTO "countries" VALUES(101,'Luxembourg',567110,0,'',X'30373A33352E38',X'30373A33352E38','',0,0,'LU','LUX',442,0,'',0,'',0);
INSERT INTO "countries" VALUES(102,'Madagascar',24235390,0,'',X'30373A33352E38',X'30373A33352E38','',0,0,'MG','MDG',450,0,'',0,'',0);
INSERT INTO "countries" VALUES(103,'Malawi',17215232,0,'',X'30373A33352E38',X'30373A33352E38','',0,0,'MW','MWI',454,0,'',0,'',0);
INSERT INTO "countries" VALUES(104,'Malaysia',30331007,0,'',X'30373A33352E38',X'30373A33352E38','',0,0,'MY','MYS',458,0,'',0,'',0);
INSERT INTO "countries" VALUES(105,'Maldives',363657,0,'',X'30373A33352E38',X'30373A33352E38','',0,0,'MV','MDV',462,0,'',0,'',0);
INSERT INTO "countries" VALUES(106,'Mali',17599694,0,'',X'30373A33352E38',X'30373A33352E38','',0,0,'ML','MLI',466,0,'',0,'',0);
INSERT INTO "countries" VALUES(107,'Malta',418670,0,'',X'30373A33352E38',X'30373A33352E38','',0,0,'MT','MLT',470,0,'',0,'',0);
INSERT INTO "countries" VALUES(108,'Marshall Islands',52993,0,'',X'30373A33352E38',X'30373A33352E38','',0,0,'MH','MHL',584,0,'',0,'',0);
INSERT INTO "countries" VALUES(109,'Mauritania',4067564,0,'',X'30373A33352E38',X'30373A33352E38','',0,0,'MR','MRT',478,0,'',0,'',0);
INSERT INTO "countries" VALUES(110,'Mauritius',1273212,0,'',X'30373A33352E38',X'30373A33352E38','',0,0,'MU','MUS',480,0,'',0,'',0);
INSERT INTO "countries" VALUES(111,'Mexico',127017224,0,'',X'30373A33352E38',X'30373A33352E38','',0,0,'MX','MEX',484,0,'',0,'',0);
INSERT INTO "countries" VALUES(112,'Micronesia (Federated States of)',0,0,'',X'30373A33352E38',X'30373A33352E38','',0,0,'FM','FSM',583,0,'',0,'',0);
INSERT INTO "countries" VALUES(113,'Monaco',37731,0,'',X'30373A33352E38',X'30373A33352E38','',0,0,'MC','MCO',492,0,'',0,'',0);
INSERT INTO "countries" VALUES(114,'Mongolia',2959134,0,'',X'30373A33352E38',X'30373A33352E38','',0,0,'MN','MNG',496,0,'',0,'',0);
INSERT INTO "countries" VALUES(115,'Montenegro',625781,0,'',X'30373A33352E38',X'30373A33352E38','',0,0,'ME','MNE',499,0,'',0,'',0);
INSERT INTO "countries" VALUES(116,'Morocco',34377511,0,'',X'30373A33352E38',X'30373A33352E38','',0,0,'MA','MAR',504,0,'',0,'',0);
INSERT INTO "countries" VALUES(117,'Mozambique',27977863,0,'',X'30373A33352E38',X'30373A33352E38','',0,0,'MZ','MOZ',508,0,'',0,'',0);
INSERT INTO "countries" VALUES(118,'Myanmar',53897154,0,'',X'30373A33352E38',X'30373A33352E38','',0,0,'MM','MMR',104,0,'',0,'',0);
INSERT INTO "countries" VALUES(119,'Namibia',2458830,0,'',X'30373A33352E38',X'30373A33352E38','',0,0,'NA','NAM',516,0,'',0,'',0);
INSERT INTO "countries" VALUES(120,'Nauru',10222,0,'',X'30373A33352E38',X'30373A33352E38','',0,0,'NR','NRU',520,0,'',0,'',0);
INSERT INTO "countries" VALUES(121,'Nepal',28513700,0,'',X'30373A33352E38',X'30373A33352E38','',0,0,'NP','NPL',524,0,'',0,'',0);
INSERT INTO "countries" VALUES(122,'Netherlands',16924929,0,'',X'30373A33352E38',X'30373A33352E38','',0,0,'NL','NLD',528,0,'',0,'',0);
INSERT INTO "countries" VALUES(123,'New Zealand',4528526,0,'',X'30373A33352E38',X'30373A33352E38','',0,0,'NZ','NZL',554,0,'',0,'',0);
INSERT INTO "countries" VALUES(124,'Nicaragua',6082032,0,'',X'30373A33352E38',X'30373A33352E38','',0,0,'NI','NIC',558,0,'',0,'',0);
INSERT INTO "countries" VALUES(125,'Niger',19899120,0,'',X'30373A33352E38',X'30373A33352E38','',0,0,'NE','NER',562,0,'',0,'',0);
INSERT INTO "countries" VALUES(126,'Nigeria',182201962,0,'',X'30373A33352E38',X'30373A33352E38','',0,0,'NG','NGA',566,0,'',0,'',0);
INSERT INTO "countries" VALUES(127,'Niue',1610,0,'',X'30373A33352E38',X'30373A33352E38','',0,0,'NU','NIU',570,0,'',0,'',0);
INSERT INTO "countries" VALUES(128,'Norway',5210967,0,'',X'30373A33352E38',X'30373A33352E38','',0,0,'NO','NOR',578,0,'',0,'',0);
INSERT INTO "countries" VALUES(129,'Oman',4490541,0,'',X'30373A33352E38',X'30373A33352E38','',0,0,'OM','OMN',512,0,'',0,'',0);
INSERT INTO "countries" VALUES(130,'Pakistan',188924874,0,'',X'30373A33352E38',X'30373A33352E38','',0,0,'PK','PAK',586,0,'',0,'',0);
INSERT INTO "countries" VALUES(131,'Palau',21291,0,'',X'30373A33352E38',X'30373A33352E38','',0,0,'PW','PLW',585,0,'',0,'',0);
INSERT INTO "countries" VALUES(132,'Palestine',0,0,'',X'30373A33352E38',X'30373A33352E38','',0,0,'PS','PSE',275,0,'',0,'',0);
INSERT INTO "countries" VALUES(133,'Panama',3929141,0,'',X'30373A33352E38',X'30373A33352E38','',0,0,'PA','PAN',591,0,'',0,'',0);
INSERT INTO "countries" VALUES(134,'Papua New Guinea',7619321,0,'',X'30373A33352E38',X'30373A33352E38','',0,0,'PG','PNG',598,0,'',0,'',0);
INSERT INTO "countries" VALUES(135,'Paraguay',6639123,0,'',X'30373A33352E38',X'30373A33352E38','',0,0,'PY','PRY',600,0,'',0,'',0);
INSERT INTO "countries" VALUES(136,'Peru',31376670,0,'',X'30373A33352E38',X'30373A33352E38','',0,0,'PE','PER',604,0,'',0,'',0);
INSERT INTO "countries" VALUES(137,'Philippines',100699395,0,'',X'30373A33352E38',X'30373A33352E38','',0,0,'PH','PHL',608,0,'',0,'',0);
INSERT INTO "countries" VALUES(138,'Poland',38611794,0,'',X'30373A33352E38',X'30373A33352E38','',0,0,'PL','POL',616,0,'',0,'',0);
INSERT INTO "countries" VALUES(139,'Portugal',10349803,0,'',X'30373A33352E38',X'30373A33352E38','',0,0,'PT','PRT',620,0,'',0,'',0);
INSERT INTO "countries" VALUES(140,'Qatar',2235355,0,'',X'30373A33352E38',X'30373A33352E38','',0,0,'QA','QAT',634,0,'',0,'',0);
INSERT INTO "countries" VALUES(141,'Republic of Korea',50293439,0,'',X'30373A33352E38',X'30373A33352E38','',0,0,'KR','KOR',410,0,'',0,'',0);
INSERT INTO "countries" VALUES(142,'Republic of Moldova',4068897,0,'',X'30373A33352E38',X'30373A33352E38','',0,0,'MD','MDA',498,0,'',0,'',0);
INSERT INTO "countries" VALUES(143,'Romania',19511324,0,'',X'30373A33352E38',X'30373A33352E38','',0,0,'RO','ROU',642,0,'',0,'',0);
INSERT INTO "countries" VALUES(144,'Russian Federation',143456918,0,'',X'30373A33352E38',X'30373A33352E38','',0,0,'RU','RUS',643,0,'',0,'',0);
INSERT INTO "countries" VALUES(145,'Rwanda',11609666,0,'',X'30373A33352E38',X'30373A33352E38','',0,0,'RW','RWA',646,0,'',0,'',0);
INSERT INTO "countries" VALUES(146,'Saint Kitts and Nevis',55572,0,'',X'30373A33352E38',X'30373A33352E38','',0,0,'KN','KNA',659,0,'',0,'',0);
INSERT INTO "countries" VALUES(147,'Saint Lucia',184999,0,'',X'30373A33352E38',X'30373A33352E38','',0,0,'LC','LCA',662,0,'',0,'',0);
INSERT INTO "countries" VALUES(148,'Saint Vincent and the Grenadines',109462,0,'',X'30373A33352E38',X'30373A33352E38','',0,0,'VC','VCT',670,0,'',0,'',0);
INSERT INTO "countries" VALUES(149,'Samoa',193228,0,'',X'30373A33352E38',X'30373A33352E38','',0,0,'WS','WSM',882,0,'',0,'',0);
INSERT INTO "countries" VALUES(150,'San Marino',31781,0,'',X'30373A33352E38',X'30373A33352E38','',0,0,'SM','SMR',674,0,'',0,'',0);
INSERT INTO "countries" VALUES(151,'Sao Tome and Principe',190344,0,'',X'30373A33352E38',X'30373A33352E38','',0,0,'ST','STP',678,0,'',0,'',0);
INSERT INTO "countries" VALUES(152,'Saudi Arabia',0,0,'',X'30373A33352E38',X'30373A33352E38','',0,0,'SA','SAU',682,0,'',0,'',0);
INSERT INTO "countries" VALUES(153,'Senegal',15129273,0,'',X'30373A33352E38',X'30373A33352E38','',0,0,'SN','SEN',686,0,'',0,'',0);
INSERT INTO "countries" VALUES(154,'Serbia',8850975,0,'',X'30373A33352E38',X'30373A33352E38','',0,0,'RS','SRB',688,0,'',0,'',0);
INSERT INTO "countries" VALUES(155,'Seychelles',96471,0,'',X'30373A33352E38',X'30373A33352E38','',0,0,'SC','SYC',690,0,'',0,'',0);
INSERT INTO "countries" VALUES(156,'Sierra Leone',6453184,0,'',X'30373A33352E38',X'30373A33352E38','',0,0,'SL','SLE',694,0,'',0,'',0);
INSERT INTO "countries" VALUES(157,'Singapore',5603740,0,'',X'30373A33352E38',X'30373A33352E38','',0,0,'SG','SGP',702,0,'',0,'',0);
INSERT INTO "countries" VALUES(158,'Slovakia',5426258,0,'',X'30373A33352E38',X'30373A33352E38','',0,0,'SK','SVK',703,0,'',0,'',0);
INSERT INTO "countries" VALUES(159,'Slovenia',2067526,0,'',X'30373A33352E38',X'30373A33352E38','',0,0,'SI','SVN',705,0,'',0,'',0);
INSERT INTO "countries" VALUES(160,'Solomon Islands',583591,0,'',X'30373A33352E38',X'30373A33352E38','',0,0,'SB','SLB',90,0,'',0,'',0);
INSERT INTO "countries" VALUES(161,'Somalia',10787104,0,'',X'30373A33352E38',X'30373A33352E38','',0,0,'SO','SOM',706,0,'',0,'',0);
INSERT INTO "countries" VALUES(162,'South Africa',54490406,0,'',X'30373A33352E38',X'30373A33352E38','',0,0,'ZA','ZAF',710,0,'',0,'',0);
INSERT INTO "countries" VALUES(163,'South Sudan',0,0,'',X'30373A33352E38',X'30373A33352E38','',0,0,'SS','SSD',728,0,'',0,'',0);
INSERT INTO "countries" VALUES(164,'Spain',46121699,0,'',X'30373A33352E38',X'30373A33352E38','',0,0,'ES','ESP',724,0,'',0,'',0);
INSERT INTO "countries" VALUES(165,'Sri Lanka',20715010,0,'',X'30373A33352E38',X'30373A33352E38','',0,0,'LK','LKA',144,0,'',0,'',0);
INSERT INTO "countries" VALUES(166,'Sudan',40234882,0,'',X'30373A33352E38',X'30373A33352E38','',0,0,'SD','SDN',729,0,'',0,'',0);
INSERT INTO "countries" VALUES(167,'Suriname',542975,0,'',X'30373A33352E38',X'30373A33352E38','',0,0,'SR','SUR',740,0,'',0,'',0);
INSERT INTO "countries" VALUES(168,'Swaziland',1286970,0,'',X'30373A33352E38',X'30373A33352E38','',0,0,'SZ','SWZ',748,0,'',0,'',0);
INSERT INTO "countries" VALUES(169,'Sweden',9779426,0,'',X'30373A33352E38',X'30373A33352E38','',0,0,'SE','SWE',752,0,'',0,'',0);
INSERT INTO "countries" VALUES(170,'Switzerland',8298663,0,'',X'30373A33352E38',X'30373A33352E38','',0,0,'CH','CHE',756,0,'',0,'',0);
INSERT INTO "countries" VALUES(171,'Syrian Arab Republic',18502413,0,'',X'30373A33352E38',X'30373A33352E38','',0,0,'SY','SYR',760,0,'',0,'',0);
INSERT INTO "countries" VALUES(172,'Tajikistan',8481855,0,'',X'30373A33352E38',X'30373A33352E38','',0,0,'TJ','TJK',762,0,'',0,'',0);
INSERT INTO "countries" VALUES(173,'Thailand',67959359,0,'',X'30373A33352E38',X'30373A33352E38','',0,0,'TH','THA',764,0,'',0,'',0);
INSERT INTO "countries" VALUES(174,'The former Yugoslav Republic of Macedonia',0,0,'',X'30373A33352E38',X'30373A33352E38','',0,0,'MK','MKD',807,0,'',0,'',0);
INSERT INTO "countries" VALUES(175,'Timor-Leste',1184765,0,'',X'30373A33352E38',X'30373A33352E38','',0,0,'TL','TLS',626,0,'',0,'',0);
INSERT INTO "countries" VALUES(176,'Togo',7304578,0,'',X'30373A33352E38',X'30373A33352E38','',0,0,'TG','TGO',768,0,'',0,'',0);
INSERT INTO "countries" VALUES(177,'Tonga',106170,0,'',X'30373A33352E38',X'30373A33352E38','',0,0,'TO','TON',776,0,'',0,'',0);
INSERT INTO "countries" VALUES(178,'Trinidad and Tobago',1360088,0,'',X'30373A33352E38',X'30373A33352E38','',0,0,'TT','TTO',780,0,'',0,'',0);
INSERT INTO "countries" VALUES(179,'Tunisia',11253554,0,'',X'30373A33352E38',X'30373A33352E38','',0,0,'TN','TUN',788,0,'',0,'',0);
INSERT INTO "countries" VALUES(180,'Turkey',78665830,0,'',X'30373A33352E38',X'30373A33352E38','',0,0,'TR','TUR',792,0,'',0,'',0);
INSERT INTO "countries" VALUES(181,'Turkmenistan',5373502,0,'',X'30373A33352E38',X'30373A33352E38','',0,0,'TM','TKM',795,0,'',0,'',0);
INSERT INTO "countries" VALUES(182,'Tuvalu',9916,0,'',X'30373A33352E38',X'30373A33352E38','',0,0,'TV','TUV',798,0,'',0,'',0);
INSERT INTO "countries" VALUES(183,'Uganda',39032383,0,'',X'30373A33352E38',X'30373A33352E38','',0,0,'UG','UGA',800,0,'',0,'',0);
INSERT INTO "countries" VALUES(184,'Ukraine',44823765,0,'',X'30373A33352E38',X'30373A33352E38','',0,0,'UA','UKR',804,0,'',0,'',0);
INSERT INTO "countries" VALUES(185,'United Arab Emirates',9156963,0,'',X'30373A33352E38',X'30373A33352E38','',0,0,'AE','ARE',784,0,'',0,'',0);
INSERT INTO "countries" VALUES(186,'United Kingdom of Great Britain and Northern Ireland',0,0,'',X'30373A33352E38',X'30373A33352E38','',0,0,'GB','GBR',826,0,'',0,'',0);
INSERT INTO "countries" VALUES(187,'United Republic of Tanzania',53470420,0,'',X'30373A33352E38',X'30373A33352E38','',0,0,'TZ','TZA',834,0,'',0,'',0);
INSERT INTO "countries" VALUES(188,'United States of America',321773631,0,'',X'30373A33352E38',X'30373A33352E38','',0,0,'US','USA',840,0,'',0,'',0);
INSERT INTO "countries" VALUES(189,'Uruguay',3431555,0,'',X'30373A33352E38',X'30373A33352E38','',0,0,'UY','URY',858,0,'',0,'',0);
INSERT INTO "countries" VALUES(190,'Uzbekistan',29893488,0,'',X'30373A33352E38',X'30373A33352E38','',0,0,'UZ','UZB',860,0,'',0,'',0);
INSERT INTO "countries" VALUES(191,'Vanuatu',264652,0,'',X'30373A33352E38',X'30373A33352E38','',0,0,'VU','VUT',548,0,'',0,'',0);
INSERT INTO "countries" VALUES(192,'Vatican City',0,0,'',X'30373A33352E38',X'30373A33352E38','',0,0,'VA','VAT',336,0,'',0,'',0);
INSERT INTO "countries" VALUES(193,'Venezuela (Bolivarian Republic of)',31108083,0,'',X'30373A33352E38',X'30373A33352E38','',0,0,'VE','VEN',862,0,'',0,'',0);
INSERT INTO "countries" VALUES(194,'Viet Nam',93447601,0,'',X'30373A33352E38',X'30373A33352E38','',0,0,'VN','VNM',704,0,'',0,'',0);
INSERT INTO "countries" VALUES(195,'Yemen',26832215,0,'',X'30373A33352E38',X'30373A33352E38','',0,0,'YE','YEM',887,0,'',0,'',0);
INSERT INTO "countries" VALUES(196,'Zambia',16211767,0,'',X'30373A33352E38',X'30373A33352E38','',0,0,'ZM','ZMB',894,0,'',0,'',0);
INSERT INTO "countries" VALUES(197,'Zimbabwe',15602751,0,'',X'30373A33352E38',X'30373A33352E38','',0,0,'ZW','ZWE',716,0,'',0,'',0);
CREATE TABLE "region_sources" ("id" SERIAL PRIMARY KEY NOT NULL, "name" varchar, "description" text, "website" text, "created_at" timestamp NOT NULL, "updated_at" timestamp NOT NULL);
INSERT INTO "region_sources" VALUES(2,'World Bank','The World Bank','WorldBank.org','2015-12-01 04:43:47.966726','2015-12-01 04:43:47.966726');
INSERT INTO "region_sources" VALUES(3,'Un','UN Data Source','Un.org','2015-12-01 05:00:27.634524','2015-12-01 05:00:27.634524');
INSERT INTO "region_sources" VALUES(4,'Testing Blank Groups','Creating Groups form Source Form, Leaving some Blank.','danesposito.com','2015-12-01 05:26:45.712536','2015-12-01 05:26:45.712536');
INSERT INTO "region_sources" VALUES(5,'Simple Source','Simple Source Desc','SSD.com','2015-12-02 02:22:51.932083','2015-12-02 02:22:51.932083');
CREATE TABLE "region_groups" ("id" SERIAL PRIMARY KEY NOT NULL, "region_source_id" integer, "name" varchar, "description" text, "created_at" timestamp NOT NULL, "updated_at" timestamp NOT NULL);
INSERT INTO "region_groups" VALUES(1,2,'Income Level','Low or High Income','2015-12-01 04:43:47.968715','2015-12-01 04:43:47.968715');
INSERT INTO "region_groups" VALUES(2,3,'Geographic Groupings','Regions determined by geography, politics, and etc.','2015-12-01 05:00:27.637826','2015-12-01 05:00:27.637826');
INSERT INTO "region_groups" VALUES(3,3,'Climate Type','Different Climate Types','2015-12-01 05:00:27.639385','2015-12-01 05:00:27.639385');
INSERT INTO "region_groups" VALUES(4,4,'Group 1','','2015-12-01 05:26:45.714943','2015-12-01 05:26:45.714943');
INSERT INTO "region_groups" VALUES(5,5,'SS G1','SS G1 Description','2015-12-02 02:22:51.934627','2015-12-02 02:22:51.934627');
INSERT INTO "region_groups" VALUES(6,5,'SS G2','SS G2 Descriptoin','2015-12-02 02:22:51.936359','2015-12-02 02:22:51.936359');
CREATE TABLE "indicator_types" ("id" SERIAL PRIMARY KEY NOT NULL, "name" varchar, "weight" decimal, "description" text, "created_at" timestamp NOT NULL, "updated_at" timestamp NOT NULL);
INSERT INTO "indicator_types" VALUES(1,'Heading',0,'','2015-12-02 15:43:40.183568','2015-12-02 15:43:40.183568');
INSERT INTO "indicator_types" VALUES(2,'Technical',1,'','2015-12-02 15:43:51.734111','2015-12-02 15:43:51.734111');
INSERT INTO "indicator_types" VALUES(3,'Regulation',1,'','2015-12-02 15:44:07.375949','2015-12-02 15:44:07.375949');
CREATE TABLE "record_types" ("id" SERIAL PRIMARY KEY NOT NULL, "name" varchar, "description" text, "created_at" timestamp NOT NULL, "updated_at" timestamp NOT NULL);
INSERT INTO "record_types" VALUES(1,'Do Not Record','','2015-12-02 15:41:32.014791','2015-12-02 15:41:32.014791');
INSERT INTO "record_types" VALUES(2,'Record','','2015-12-02 15:41:40.079254','2015-12-02 15:41:40.079254');
INSERT INTO "record_types" VALUES(3,'Record but Do Not Score','','2015-12-02 15:41:53.933465','2015-12-02 15:41:53.933465');
CREATE TABLE "indicators" ("id" SERIAL PRIMARY KEY NOT NULL, "indicator_type_id" integer, "record_type_id" integer, "parent_id" integer, "question_number" varchar, "indicator_number" integer, "question_text" text, "indicator_text" text, "prior_cycle" integer, "prior_question" integer, "created_at" timestamp NOT NULL, "updated_at" timestamp NOT NULL, "reporting_cycle_id" integer);
INSERT INTO "indicators" VALUES(1,1,2,NULL,'9a',9,'Example Question Text for Question 9A','Example Indicator Text for Question 9A',NULL,NULL,'2015-12-02 16:58:57.449517','2015-12-02 17:15:45.388054',1);
INSERT INTO "indicators" VALUES(2,2,2,NULL,'10b',10,'Question 10b Text','Indicator Number 10 Text',NULL,NULL,'2015-12-02 17:17:41.127299','2015-12-02 17:17:41.127299',1);
INSERT INTO "indicators" VALUES(3,2,2,NULL,'3a',3,'Is this working?','Is the nested form working?',NULL,NULL,'2015-12-02 17:52:15.788060','2015-12-02 17:52:15.788060',3);
CREATE TABLE "scoring_options" ("id" SERIAL PRIMARY KEY NOT NULL, "indicator_id" integer, "description" varchar, "value" integer, "not_applicable" boolean, "created_at" timestamp NOT NULL, "updated_at" timestamp NOT NULL);
INSERT INTO "scoring_options" VALUES(1,3,'Yes',5,'f','2015-12-02 17:52:15.789531','2015-12-02 17:52:15.789531');
INSERT INTO "scoring_options" VALUES(2,3,'No',0,'f','2015-12-02 17:52:15.790858','2015-12-02 17:52:15.790858');
INSERT INTO "scoring_options" VALUES(3,3,'Not Applicable',0,'t','2015-12-02 17:52:15.792272','2015-12-02 17:52:15.792272');
DELETE FROM sqlite_sequence;

CREATE UNIQUE INDEX "unique_schema_migrations" ON "schema_migrations" ("version");
COMMIT;
